Argentina,Geronimo Rulli
Argentina,Marco Di Cesare
Argentina,Julio Soler
Argentina,Joaquin Garcia
Argentina,Ezequiel Fernandez
Argentina,Bruno Amione
Argentina,Kevin Zenon
Argentina,Cristian Medina
Argentina,Julian Alvarez
Argentina,Thiago Almada
Argentina,Claudio Echeverri
Argentina,Leandro Brey
Argentina,Gonzalo Lujan
Argentina,Santiago Hezze
Argentina,Luciano Gondou
Argentina,Nicolas Otamendi
Argentina,Giuliano Simeone
Argentina,Lucas Beltran
Argentina,Aaron Quiros
Argentina,Juan Ignacio Nardoni
Argentina,Federico Redondo
Argentina,Fabricio Iacovich
,
Dominican Republic,Xavier Valdez
Dominican Republic,Francisco Reyes
Dominican Republic,Junior Firpo
Dominican Republic,Edgar Pujol
Dominican Republic,Luiyi De Lucas
Dominican Republic,Heinz Morschel
Dominican Republic,Oscar Urena
Dominican Republic,Angel Montes De Oca
Dominican Republic,Rafael Nunez
Dominican Republic,Edison Azcona
Dominican Republic,Peter Gonzalez
Dominican Republic,Joao Urbaez
Dominican Republic,Enrique Boesl
Dominican Republic,Jose De La Cruz
Dominican Republic,Fabian Messina
Dominican Republic,Nelson Lemaire
Dominican Republic,Jose De Leon
Dominican Republic,Nowend Lorenzo
Dominican Republic,Josue Baez
Dominican Republic,Thomas Jungbauer
Dominican Republic,Anthony Nunez
,
Egypt,Hamza Alaa
Egypt,Omar Fayed
Egypt,Ahmed Atef
Egypt,Ahmed Eid
Egypt,Hossam Abdelmaguid
Egypt,Mohamed Shehata
Egypt,Mahmoud Saber
Egypt,Ziad Kamal
Egypt,Osama Faisal
Egypt,Ibrahim Adel
Egypt,Mostafa Saad
Egypt,Ahmed Koka
Egypt,Karim El Debes
Egypt,Zizo
Egypt,Mohamed Tarek
Egypt,Ali El Gabry
Egypt,Mohamed Elneny
Egypt,Bilal Mazhar
Egypt,Mohamed Hamdy
Egypt,Ahmed Sayed
Egypt,Mohamed Elmaghrabi
Egypt,Mohamed Seha
,
France,Patrick Schulte
France,Nathan Harriel
France,Castello Lukeba
France,Adrien Truffert
France,Loic Bade
France,Kiliann Sildillia
France,Manu Kone
France,Michael Olise
France,Maghnes Akliouche
France,Arnaud Kalimuendo
France,Alexandre Lacazette
France,Desire Doue
France,Enzo Millot
France,Joris Chotard
France,Jean-Philippe Mateta
France,Bradley Locko
France,Guillaume Restes
France,Soungoutou Magassa
France,Rayan Cherki
France,Chrislain Matsima
France,Andy Diouf
France,Lesley Ugochukwu
France,Theo De Percin
,
Guinea,Soumaila Sylla
Guinea,Naby Oulare
Guinea,Bangaly Cisse
Guinea,Mohamed Soumah
Guinea,Rayane Doucoure
Guinea,Amadou Diawara
Guinea,Aliou Balde
Guinea,Naby Keita
Guinea,Henry Camara
Guinea,Moriba Kourouma
Guinea,Ousmane Camara
Guinea,Algassime Bah
Guinea,Madiou Keita
Guinea,Amadou Diallo
Guinea,Issiaga Camara
Guinea,Mory Keita
Guinea,Abdoulaye Toure
Guinea,Sekou Tidiany Bangoura
Guinea,Ibrahima Fofana
Guinea,Cherif Mohamed Camara
Guinea,Lancinet Kourouma
Guinea,Lassana Diakhaby
,
Iraq,Hussein Hasan
Iraq,Josef Al Imam
Iraq,Hussein Ali
Iraq,Suad Natiq
Iraq,Ahmed Hasan
Iraq,Zaid Tahseen
Iraq,Ali Jasim
Iraq,Ibrahim Bayesh
Iraq,Hussein Lawend
Iraq,Youssef Amyn
Iraq,Muntadher Mohammed
Iraq,Kumel Saadi
Iraq,Karrar Saad
Iraq,Karrar Mohammed
Iraq,Nihad Mohammed
Iraq,Muntadher Abdulameer
Iraq,Mustafa Saadoon
Iraq,Aymen Hussein
Iraq,Blnd Hassan
Iraq,Hussein Amer
Iraq,Ridha Fadhil
Iraq,Hasan Abbas
,
Israel,Daniel Peretz
Israel,Ilay Feingold
Israel,Sean Goldberg
Israel,Stav Lemkin
Israel,Roy Revivo
Israel,Omri Gandelman
Israel,Osher Davida
Israel,Ethane Azoulay
Israel,Dor Turgeman
Israel,Oscar Gloukh
Israel,Liel Abada
Israel,Noam Ben Harosh
Israel,Elad Madmon
Israel,Ayanaw Ferede
Israel,Adi Yona
Israel,Or Israelov
Israel,Ido Shahar
Israel,Niv Eliasi
Israel,Idan Toklomati
Israel,Niv Yehosoua
Israel,Noam Melamud
Israel,Omer Nir On
,
Japan,Leobrian Kokubo
Japan,Riku Handa
Japan,Ryuya Nishio
Japan,Hiroki Sekine
Japan,Seiji Kimura
Japan,Sota Kawasaki
Japan,Rihito Yamamoto
Japan,Joel Chima Fujita
Japan,Shota Fujio
Japan,Koki Saito
Japan,Mao Hosoya
Japan,Taishi Nozawa
Japan,Ryotaro Araki
Japan,Shunsuke Mito
Japan,Kota Takai
Japan,Ayumu Ohata
Japan,Yu Hirakawa
Japan,Kein Sato
Japan,Kodai Sano
Japan,Fuki Yamada
Japan,Kaito Suzuki
Japan,Masato Sasaki
,
Mali,Lassine Diarra
Mali,Fode Doucoure
Mali,Hamidou Diallo
Mali,Mamadou Tounkara
Mali,Ibrahima Cisse
Mali,Coli Saco
Mali,Wilson Samake
Mali,Boubacar Traore
Mali,Cheickna Doumbia
Mali,Salam Jiddou
Mali,Thiemoko Diarra
Mali,Issouf Sissokho
Mali,Brahima Diarra
Mali,Demba Diallo
Mali,Mohamed Cisset
Mali,Oumar Coulibaly
Mali,Ahmed Diomande
Mali,Moussa Diakite
Mali,Mahamadou Bah
Mali,Fady Coulibaly
Mali,Issou Maiga
Mali,Hassane Diarra
,
Morocco,Munir El Kajoui
Morocco,Achraf Hakimi
Morocco,Akram Nakach
Morocco,Mehdi Boukamir
Morocco,Adil Tahif
Morocco,Benjamin Bouchouari
Morocco,Yassine Kechta
Morocco,Bilal El Khannouss
Morocco,Souane Rahimi
Morocco,Ilias Akhomach
Morocco,Zakaria El Ouahdi
Morocco,Rachid Ghanimi
Morocco,Eliesse Ben Seghir
Morocco,Oussama Targhalline
Morocco,Mehdi Maouhoub
Morocco,Abde Ezzalzouli
Morocco,Oussama El Azzouzi
Morocco,Amir Richardson
Morocco,Haytam Manaout
Morocco,Mehdi Moubarik
Morocco,Bilal El Ouadghiri
Morocco,Mohamed Asmama
,
New Zealand,Alex Paulsen
New Zealand,Michael Boxall
New Zealand,Sam Sutton
New Zealand,Tyler Bindon
New Zealand,Finn Surman
New Zealand,Joe Bell
New Zealand,Matthew Garbett
New Zealand,Ben Old
New Zealand,Ben Waine
New Zealand,Sarpreet Singh
New Zealand,Jesse Randall
New Zealand,Kees Sims
New Zealand,Lukas Kelly-Heald
New Zealand,Jay Herdman
New Zealand,Matthew Sheridan
New Zealand,Fin Conchie
New Zealand,Riley Bidois
New Zealand,Oskar Van Hattum
New Zealand,Liam Gillion
New Zealand,Isaac Hughes
New Zealand,Lachlan Bayliss
New Zealand,Henry Gray
,
Paraguay,Roberto Junior Fernandez
Paraguay,Alan Nunez
Paraguay,Ronaldo De Jesus
Paraguay,Daniel Rivas
Paraguay,Gilberto Flores
Paraguay,Marcos Gomez
Paraguay,Marcelo Fernandez
Paraguay,Diego Gomez
Paraguay,Kevin Parzajuk
Paraguay,Wilder Viera
Paraguay,Enso Gonzalez
Paraguay,Rodrigo Frutos
Paraguay,Alexis Cantero
Paraguay,Fernando Roman
Paraguay,Julio Enciso
Paraguay,Fabian Balbuena
Paraguay,Diego Gonzalez
Paraguay,Marcelo Perez
Paraguay,Tiago Caballero
Paraguay,Gustavo Caballero
Paraguay,Ruben Lezcano
Paraguay,Facundo Insfran
,
Spain,Arnau Tenas
Spain,Marc Pubill
Spain,Juan Miranda
Spain,Eric Garcia
Spain,Pau Cubarsi
Spain,Pablo Barrios
Spain,Diego Lopez
Spain,Benat Turrientes
Spain,Abel Ruiz
Spain,Alex Baena
Spain,Fermin Lopez
Spain,Jon Pacheco
Spain,Joan Garcia
Spain,Aimar Oroz
Spain,Miguel Gutierrez
Spain,Adrian Bernabe
Spain,Sergio Gomez
Spain,Samu Omorodion
Spain,Cristhian Mosquera
Spain,Juanlu Sanchez
Spain,Sergio Camello
Spain,Alejandro Iturbe
,
Ukraine,Georgiy Yermakov
Ukraine,Illia Krupskyi
Ukraine,Oleksandr Martyniuk
Ukraine,Maksym Talovierov
Ukraine,Valentyn Rubchynskyi
Ukraine,Oleksii Sych
Ukraine,Oleh Ocheretko
Ukraine,Mykola Mykhailenko
Ukraine,Ihor Krasnopir
Ukraine,Maksym Braharu
Ukraine,Maksym Khlan
Ukraine,Kiril Fesiun
Ukraine,Volodymyr Saliuk
Ukraine,Danylo Sikan
Ukraine,Vladyslav Veleten
Ukraine,Arsenii Batahov
Ukraine,Oleh Fedor
Ukraine,Dmytro Kryskiv
Ukraine,Yevhen Pavliuk
Ukraine,Kyrylo Siheiev
Ukraine,Artem Shulianskyi
Ukraine,Yakiv Kinareikin
,
USA,Patrick Schulte
USA,Nathan Harriel
USA,Walker Zimmerman
USA,Maximilian Dietz
USA,John Tolkin
USA,Gianluca Busio
USA,Kevin Paredes
USA,Tanner Tessmann
USA,Grin Yow
USA,Taylor Booth
USA,Paxten Aaronson
USA,Miles Robinson
USA,Duncan McGuire
USA,Djordje Mihailovic
USA,Benjamin Cremaschi
USA,Jack McGlynn
USA,Caleb Wiley
USA,Gaga Slonina
USA,Jacob Davis
USA,Johan Gomez
USA,Joshua Atencio
USA,John Pulskamp
,
Uzbekistan,Abduvohid Nematov
Uzbekistan,Saidazamat Mirsaidov
Uzbekistan,Abdukodir Khusanov
Uzbekistan,Khusniddin Alikulov
Uzbekistan,Muhammadkodir Hamraliev
Uzbekistan,Ibrokhimkhalil Yuldoshev
Uzbekistan,Abbosbek Fayzullaev
Uzbekistan,Ruslanbek Jiyanov
Uzbekistan,Khusain Norchaev
Uzbekistan,Jasurbek Jaloliddinov
Uzbekistan,Oston Urunov
Uzbekistan,Vladimir Nazarov
Uzbekistan,Zafarmurod Abdirakhmatov
Uzbekistan,Eldor Shomurodov
Uzbekistan,Umarali Rakhmonaliev
Uzbekistan,Asadbek Rakhimjonov
Uzbekistan,Diyor Kholmatov
Uzbekistan,Abdurauf Buriev
Uzbekistan,Ibrokhim Ibragimov
Uzbekistan,Alisher Odilov
Uzbekistan,Bekhruzbek Askarov
Uzbekistan,Khamidullo Abdunabiev